-- phpMyAdmin SQL Dump
-- version 4.8.4
-- https://www.phpmyadmin.net/
--
-- Host: 127.0.0.1
-- Generation Time: Jun 18, 2019 at 02:58 PM
-- Server version: 10.1.37-MariaDB
-- PHP Version: 7.3.1

SET SQL_MODE = "NO_AUTO_VALUE_ON_ZERO";
SET AUTOCOMMIT = 0;
START TRANSACTION;
SET time_zone = "+00:00";


/*!40101 SET @OLD_CHARACTER_SET_CLIENT=@@CHARACTER_SET_CLIENT */;
/*!40101 SET @OLD_CHARACTER_SET_RESULTS=@@CHARACTER_SET_RESULTS */;
/*!40101 SET @OLD_COLLATION_CONNECTION=@@COLLATION_CONNECTION */;
/*!40101 SET NAMES utf8mb4 */;

--
-- Database: `game_com_review`
--

-- --------------------------------------------------------

--
-- Table structure for table `company`
--

CREATE TABLE `company` (
  `company_id` int(11) NOT NULL,
  `logo_path` varchar(200) NOT NULL,
  `name` varchar(60) NOT NULL,
  `service` varchar(20) NOT NULL,
  `company_about` varchar(20000) NOT NULL,
  `country` varchar(20) NOT NULL
) ENGINE=InnoDB DEFAULT CHARSET=latin1;

--
-- Dumping data for table `company`
--

INSERT INTO `company` (`company_id`, `logo_path`, `name`, `service`, `company_about`, `country`) VALUES
(35, 'ealogo.jpeg', 'Electronic Arts', 'Publisher', 'Electronic Arts Inc. is an American video game company headquartered in Redwood City, California. It is the second-largest gaming company in the Americas and Europe by revenue and market capitalization ', 'USA'),
(36, 'Bethesda-logo-768x432.png', 'Bethesda Softworks', 'Publisher', 'Bethesda Softworks LLC is an American video game publisher based in Rockville, Maryland. The company was founded by Christopher Weaver in 1986 as a division of Media Technology Limited, and in 1999 became a subsidiary of ZeniMax Media. ', 'USA'),
(37, 'ubisoft.png', 'Ubisoft', 'Publisher', 'Ubisoft Entertainment SA is a French video game company headquartered in Montreuil with several development studios across the world. ', 'France');

-- --------------------------------------------------------

--
-- Table structure for table `logs`
--

CREATE TABLE `logs` (
  `log_id` int(100) NOT NULL,
  `user_id` int(100) NOT NULL,
  `page_name` varchar(50) NOT NULL,
  `date` timestamp NOT NULL DEFAULT CURRENT_TIMESTAMP ON UPDATE CURRENT_TIMESTAMP
) ENGINE=InnoDB DEFAULT CHARSET=latin1;

--
-- Dumping data for table `logs`
--

INSERT INTO `logs` (`log_id`, `user_id`, `page_name`, `date`) VALUES
(1, 4, 'Register', '2019-06-14 04:16:19'),
(2, 4, 'Register', '2019-06-14 04:16:57'),
(3, 4, 'Register', '2019-06-14 04:18:27'),
(4, 4, 'Register', '2019-06-14 04:18:28'),
(5, 4, 'Register', '2019-06-14 04:18:53'),
(6, 4, 'Register', '2019-06-14 04:19:05'),
(7, 4, 'Register', '2019-06-14 04:19:51'),
(8, 4, 'Register', '2019-06-14 04:19:52'),
(9, 4, 'Register', '2019-06-14 04:19:52'),
(10, 4, 'Register', '2019-06-14 04:19:54'),
(11, 4, 'Register', '2019-06-14 04:19:55'),
(12, 4, 'Register', '2019-06-14 04:20:24'),
(13, 4, 'Register', '2019-06-14 04:20:53'),
(14, 4, 'Register', '2019-06-14 04:22:10'),
(15, 4, 'Register', '2019-06-14 04:23:21'),
(16, 4, 'Register', '2019-06-14 04:23:22'),
(17, 4, 'Register', '2019-06-14 04:23:43'),
(18, 4, 'Register', '2019-06-14 04:23:45'),
(19, 4, 'Register', '2019-06-14 04:23:51'),
(20, 4, 'Register', '2019-06-14 04:23:52'),
(21, 4, 'Register', '2019-06-14 04:25:58'),
(22, 4, 'Register', '2019-06-14 04:26:00'),
(23, 4, 'Register', '2019-06-14 04:26:16'),
(24, 4, 'Register', '2019-06-14 04:26:38'),
(25, 4, 'Register', '2019-06-14 04:26:45'),
(26, 4, 'Register', '2019-06-14 04:26:47'),
(27, 4, 'Register', '2019-06-14 04:26:57'),
(28, 4, 'Register', '2019-06-14 04:26:58'),
(29, 4, 'Register', '2019-06-14 04:27:00'),
(30, 4, 'Register', '2019-06-14 04:27:22'),
(31, 4, 'Register', '2019-06-14 04:27:23'),
(32, 4, 'Register', '2019-06-14 04:27:35'),
(33, 4, 'Register', '2019-06-14 04:27:41'),
(34, 4, 'Register', '2019-06-14 04:27:48'),
(35, 4, 'Register', '2019-06-14 04:27:54'),
(36, 4, 'Register', '2019-06-14 04:27:56'),
(37, 4, 'Register', '2019-06-14 04:28:52'),
(38, 4, 'Register', '2019-06-14 04:28:54'),
(39, 4, 'Register', '2019-06-14 04:29:08'),
(40, 4, 'Register', '2019-06-14 04:29:09'),
(41, 4, 'Register', '2019-06-14 04:29:13'),
(42, 4, 'Register', '2019-06-14 04:29:36'),
(43, 4, 'Register', '2019-06-14 04:30:02'),
(44, 4, 'Register', '2019-06-14 04:30:09'),
(45, 4, 'Register', '2019-06-14 04:30:19'),
(46, 4, 'Register', '2019-06-14 04:31:26'),
(47, 4, 'Register', '2019-06-14 04:35:59'),
(48, 4, 'Register', '2019-06-14 04:36:37'),
(49, 4, 'Register', '2019-06-14 04:36:58'),
(50, 4, 'Register', '2019-06-14 04:37:51'),
(51, 4, 'Register', '2019-06-14 04:40:16'),
(52, 4, 'Register', '2019-06-14 04:41:03'),
(53, 4, 'Register', '2019-06-14 04:41:59'),
(54, 4, 'Register', '2019-06-14 04:42:43'),
(55, 4, 'Register', '2019-06-14 04:43:01'),
(56, 4, 'admin', '2019-06-14 04:47:03'),
(57, 4, 'admin', '2019-06-14 04:48:04'),
(58, 4, 'Register', '2019-06-14 04:49:25'),
(59, 4, 'Register', '2019-06-14 04:49:29'),
(60, 4, 'Register', '2019-06-14 04:49:30'),
(61, 4, 'Register', '2019-06-14 04:49:49'),
(62, 4, 'Register', '2019-06-14 04:50:03'),
(63, 4, 'Register', '2019-06-14 04:50:28'),
(64, 4, 'Register', '2019-06-14 04:51:44'),
(65, 4, 'Register', '2019-06-14 04:52:03'),
(66, 4, 'Register', '2019-06-14 04:53:30'),
(67, 4, 'Register', '2019-06-14 04:54:47'),
(68, 4, 'Register', '2019-06-14 04:56:56'),
(69, 4, 'Register', '2019-06-14 04:57:34'),
(70, 4, 'Register', '2019-06-14 04:58:29'),
(71, 4, 'Register', '2019-06-14 04:59:08'),
(72, 4, 'Register', '2019-06-14 05:00:44'),
(73, 4, 'Register', '2019-06-14 05:00:48'),
(74, 4, 'Register', '2019-06-14 05:00:51'),
(75, 4, 'Register', '2019-06-14 05:00:54'),
(76, 4, 'Register', '2019-06-14 05:00:56'),
(77, 4, 'Register', '2019-06-14 05:01:10'),
(78, 4, 'Register', '2019-06-14 05:04:04'),
(79, 4, 'Register', '2019-06-14 05:04:05'),
(80, 4, 'Register', '2019-06-14 05:04:18'),
(81, 4, 'Register', '2019-06-14 05:05:46'),
(82, 4, 'Register', '2019-06-14 05:06:54'),
(83, 4, 'Register', '2019-06-14 05:07:43'),
(84, 4, 'Register', '2019-06-14 05:10:06'),
(85, 4, 'Register', '2019-06-14 05:24:01'),
(86, 4, 'Register', '2019-06-14 05:24:34'),
(87, 4, 'Register', '2019-06-14 05:24:41'),
(88, 4, 'Register', '2019-06-14 05:25:19'),
(89, 4, 'Register', '2019-06-14 05:25:24'),
(90, 4, 'Register', '2019-06-14 05:27:16'),
(91, 4, 'Register', '2019-06-14 05:27:54'),
(92, 4, 'Register', '2019-06-14 05:27:57'),
(93, 4, 'Register', '2019-06-14 05:28:18'),
(94, 4, 'Register', '2019-06-14 05:29:00'),
(95, 4, 'Register', '2019-06-14 05:31:49'),
(96, 4, 'Register', '2019-06-14 05:32:15'),
(97, 4, 'Register', '2019-06-14 05:32:51'),
(98, 4, 'Register', '2019-06-14 05:33:40'),
(99, 4, 'Register', '2019-06-14 05:35:26'),
(100, 4, 'Register', '2019-06-14 05:35:56'),
(101, 4, 'Register', '2019-06-14 05:35:58'),
(102, 4, 'Register', '2019-06-14 05:36:02'),
(103, 4, 'Register', '2019-06-14 05:36:33'),
(104, 4, 'Register', '2019-06-14 05:37:26'),
(105, 4, 'Register', '2019-06-14 05:39:01'),
(106, 4, 'Register', '2019-06-14 05:41:58'),
(107, 4, 'Register', '2019-06-14 05:42:39'),
(108, 4, 'Register', '2019-06-14 05:45:40'),
(109, 4, 'Register', '2019-06-14 05:45:51'),
(110, 4, 'Register', '2019-06-14 05:45:53'),
(111, 4, 'Register', '2019-06-14 05:45:56'),
(112, 4, 'Register', '2019-06-14 05:46:02'),
(113, 4, 'Register', '2019-06-14 05:46:31'),
(114, 4, 'Register', '2019-06-14 05:47:26'),
(115, 4, 'Register', '2019-06-14 06:34:30'),
(116, 4, 'Register', '2019-06-14 06:35:12'),
(117, 4, 'Register', '2019-06-14 06:35:45'),
(118, 4, 'Register', '2019-06-14 06:35:53'),
(119, 4, 'Register', '2019-06-14 06:40:03'),
(120, 4, 'Register', '2019-06-14 06:41:34'),
(121, 4, 'Register', '2019-06-15 01:19:42'),
(122, 4, 'Register', '2019-06-15 01:20:22'),
(123, 4, 'Register', '2019-06-16 07:04:26'),
(124, 4, 'Register', '2019-06-16 07:08:22'),
(125, 4, 'Register', '2019-06-16 07:08:24'),
(126, 4, 'Register', '2019-06-16 07:08:24'),
(127, 4, 'Register', '2019-06-16 07:08:25'),
(128, 4, 'Register', '2019-06-16 07:08:26'),
(129, 4, 'Register', '2019-06-16 07:08:26'),
(130, 4, 'Register', '2019-06-16 07:08:27'),
(131, 4, 'Register', '2019-06-16 07:09:13'),
(132, 4, 'Register', '2019-06-16 07:09:14'),
(133, 4, 'Register', '2019-06-16 07:09:15'),
(134, 4, 'Register', '2019-06-16 07:09:15'),
(135, 4, 'Register', '2019-06-16 07:09:30'),
(136, 4, 'Register', '2019-06-16 07:09:31'),
(137, 4, 'Register', '2019-06-16 07:09:38'),
(138, 4, 'Register', '2019-06-16 07:09:39'),
(139, 4, 'Register', '2019-06-16 07:09:40'),
(140, 4, 'Register', '2019-06-16 07:09:53'),
(141, 4, 'Register', '2019-06-16 07:09:54'),
(142, 4, 'Register', '2019-06-16 07:10:55'),
(143, 4, 'Register', '2019-06-16 07:10:56'),
(144, 4, 'Register', '2019-06-16 07:12:20'),
(145, 4, 'AdvancedSearch', '2019-06-16 07:26:40'),
(146, 4, 'AdvancedSearch', '2019-06-16 07:26:42'),
(147, 4, 'AdvancedSearch', '2019-06-16 07:26:43'),
(148, 4, 'AdvancedSearch', '2019-06-16 07:26:46'),
(149, 4, 'AdvancedSearch', '2019-06-16 07:26:50'),
(150, 4, 'AdvancedSearch', '2019-06-16 07:26:51'),
(151, 4, 'Homepage', '2019-06-16 07:48:24'),
(152, 4, 'dashboard', '2019-06-16 07:48:26'),
(153, 4, 'dashboard', '2019-06-16 07:49:01'),
(154, 4, 'dashboard', '2019-06-16 07:49:03'),
(155, 4, 'dashboard', '2019-06-16 07:49:05'),
(156, 4, 'Homepage', '2019-06-16 07:49:50'),
(157, 4, 'dashboard', '2019-06-16 07:49:51'),
(158, 4, 'dashboard', '2019-06-16 07:51:30'),
(159, 4, 'dashboard', '2019-06-16 07:51:32'),
(160, 4, 'dashboard', '2019-06-16 07:52:20'),
(161, 4, 'dashboard', '2019-06-16 07:52:23'),
(162, 4, 'dashboard', '2019-06-16 07:52:24'),
(163, 4, 'dashboard', '2019-06-16 07:52:28'),
(164, 4, 'dashboard', '2019-06-16 20:28:05'),
(165, 4, 'dashboard', '2019-06-16 20:28:08'),
(166, 4, 'users', '2019-06-16 20:28:13'),
(167, 4, 'Login', '2019-06-16 20:29:31'),
(168, 4, 'Login', '2019-06-16 20:29:35'),
(169, 1, 'Login', '2019-06-16 20:30:15'),
(170, 1, 'Homepage', '2019-06-16 20:30:15'),
(171, 1, 'users', '2019-06-16 20:30:18'),
(172, 1, 'users', '2019-06-16 20:31:35'),
(173, 1, 'users', '2019-06-16 20:32:06'),
(174, 1, 'users', '2019-06-16 20:32:18'),
(175, 1, 'Homepage', '2019-06-16 20:32:47'),
(176, 1, 'dashboard', '2019-06-16 20:32:49'),
(177, 1, 'Homepage', '2019-06-16 20:32:51'),
(178, 1, 'dashboard', '2019-06-16 20:32:52'),
(179, 1, 'Homepage', '2019-06-16 20:32:54'),
(180, 1, 'Homepage', '2019-06-16 20:33:18'),
(181, 1, 'dashboard', '2019-06-16 20:33:20'),
(182, 1, 'AdvancedSearch', '2019-06-16 20:33:46'),
(183, 1, 'users', '2019-06-16 20:33:47'),
(184, 1, 'Homepage', '2019-06-16 20:33:49'),
(185, 1, 'dashboard', '2019-06-16 20:33:51'),
(186, 1, 'dashboard', '2019-06-16 20:34:05'),
(187, 1, 'users', '2019-06-16 20:34:46'),
(188, 1, 'users', '2019-06-16 20:36:04'),
(189, 1, 'users', '2019-06-16 20:36:06'),
(190, 1, 'users', '2019-06-16 20:36:07'),
(191, 1, 'users', '2019-06-16 20:36:15'),
(192, 1, 'users', '2019-06-16 20:36:24'),
(193, 1, 'users', '2019-06-16 20:36:25'),
(194, 1, 'users', '2019-06-16 20:36:54'),
(195, 1, 'users', '2019-06-16 20:37:11'),
(196, 1, 'users', '2019-06-16 20:37:12'),
(197, 1, 'users', '2019-06-16 20:37:19'),
(198, 1, 'users', '2019-06-16 20:38:06'),
(199, 1, 'users', '2019-06-16 20:38:10'),
(200, 1, 'users', '2019-06-16 20:38:36'),
(201, 1, 'users', '2019-06-16 20:38:38'),
(202, 1, 'users', '2019-06-16 20:39:24'),
(203, 1, 'users', '2019-06-16 20:39:25'),
(204, 1, 'users', '2019-06-16 20:39:26'),
(205, 1, 'users', '2019-06-16 20:39:31'),
(206, 1, 'users', '2019-06-16 20:39:48'),
(207, 1, 'users', '2019-06-16 20:39:49'),
(208, 1, 'users', '2019-06-16 20:39:54'),
(209, 1, 'users', '2019-06-16 20:40:34'),
(210, 1, 'users', '2019-06-16 20:40:36'),
(211, 1, 'users', '2019-06-16 20:40:37'),
(212, 1, 'users', '2019-06-16 20:40:45'),
(213, 1, 'users', '2019-06-16 20:40:46'),
(214, 1, 'users', '2019-06-16 20:40:59'),
(215, 1, 'users', '2019-06-16 20:41:00'),
(216, 1, 'users', '2019-06-16 20:41:01'),
(217, 1, 'users', '2019-06-16 20:41:11'),
(218, 1, 'users', '2019-06-16 20:41:15'),
(219, 1, 'users', '2019-06-16 20:41:26'),
(220, 1, 'users', '2019-06-16 22:13:06'),
(221, 1, 'users', '2019-06-16 22:23:16'),
(222, 1, 'users', '2019-06-16 22:23:17'),
(223, 1, 'users', '2019-06-16 22:23:18'),
(224, 1, 'users', '2019-06-16 22:24:04'),
(225, 1, 'users', '2019-06-16 22:24:05'),
(226, 1, 'users', '2019-06-16 22:25:01'),
(227, 1, 'users', '2019-06-16 22:26:20'),
(228, 1, 'users', '2019-06-16 22:26:21'),
(229, 1, 'users', '2019-06-16 22:27:00'),
(230, 1, 'users', '2019-06-16 22:27:13'),
(231, 1, 'users', '2019-06-16 22:27:35'),
(232, 1, 'users', '2019-06-16 22:27:37'),
(233, 1, 'users', '2019-06-16 22:27:55'),
(234, 1, 'Homepage', '2019-06-16 22:28:17'),
(235, 1, 'dashboard', '2019-06-16 22:28:18'),
(236, 1, 'Homepage', '2019-06-16 22:28:22'),
(237, 1, 'dashboard', '2019-06-16 22:28:23'),
(238, 1, 'Homepage', '2019-06-16 22:28:24'),
(239, 1, 'dashboard', '2019-06-16 22:28:25'),
(240, 1, 'users', '2019-06-16 22:36:00'),
(241, 1, 'users', '2019-06-16 22:36:29'),
(242, 1, 'users', '2019-06-16 22:38:11'),
(243, 1, 'users', '2019-06-16 22:38:12'),
(244, 1, 'users', '2019-06-16 22:39:20'),
(245, 1, 'users', '2019-06-16 22:39:46'),
(246, 1, 'users', '2019-06-16 22:40:13'),
(247, 1, 'users', '2019-06-16 22:40:17'),
(248, 1, 'users', '2019-06-16 22:41:16'),
(249, 1, 'users', '2019-06-16 22:41:18'),
(250, 1, 'users', '2019-06-16 22:41:22'),
(251, 1, 'users', '2019-06-16 22:41:41'),
(252, 1, 'users', '2019-06-16 22:41:45'),
(253, 1, 'users', '2019-06-16 22:42:00'),
(254, 1, 'users', '2019-06-16 22:42:04'),
(255, 1, 'users', '2019-06-16 22:42:12'),
(256, 1, 'users', '2019-06-16 22:42:15'),
(257, 1, 'users', '2019-06-16 22:42:33'),
(258, 1, 'users', '2019-06-16 22:42:38'),
(259, 1, 'users', '2019-06-16 22:44:10'),
(260, 1, 'users', '2019-06-16 22:44:15'),
(261, 1, 'users', '2019-06-16 22:44:36'),
(262, 1, 'users', '2019-06-16 22:44:39'),
(263, 1, 'Homepage', '2019-06-16 22:44:39'),
(264, 1, 'users', '2019-06-16 22:44:48'),
(265, 1, 'users', '2019-06-16 22:44:51'),
(266, 1, 'users', '2019-06-16 22:44:51'),
(267, 1, 'users', '2019-06-16 22:46:52'),
(268, 1, 'users', '2019-06-16 22:46:54'),
(269, 1, 'users', '2019-06-16 22:52:16'),
(270, 1, 'users', '2019-06-16 22:52:47'),
(271, 1, 'Homepage', '2019-06-16 22:52:54'),
(272, 1, 'users', '2019-06-16 22:52:55'),
(273, 1, 'users', '2019-06-16 22:53:00'),
(274, 1, 'users', '2019-06-16 22:53:00'),
(275, 1, 'users', '2019-06-16 22:53:03'),
(276, 1, 'users', '2019-06-16 22:53:03'),
(277, 1, 'users', '2019-06-16 22:53:04'),
(278, 1, 'users', '2019-06-16 22:53:13'),
(279, 1, 'users', '2019-06-16 22:53:13'),
(280, 1, 'users', '2019-06-16 22:55:30'),
(281, 1, 'users', '2019-06-16 22:55:30'),
(282, 1, 'users', '2019-06-16 22:55:47'),
(283, 1, 'users', '2019-06-16 22:55:51'),
(284, 1, 'users', '2019-06-16 22:55:51'),
(285, 1, 'users', '2019-06-16 22:56:55'),
(286, 1, 'users', '2019-06-16 22:56:57'),
(287, 1, 'users', '2019-06-16 22:57:34'),
(288, 1, 'users', '2019-06-16 22:57:35'),
(289, 1, 'users', '2019-06-16 22:57:36'),
(290, 1, 'users', '2019-06-16 22:57:45'),
(291, 1, 'users', '2019-06-16 22:57:47'),
(292, 1, 'users', '2019-06-16 22:58:15'),
(293, 1, 'users', '2019-06-16 22:58:17'),
(294, 1, 'users', '2019-06-16 22:58:22'),
(295, 1, 'users', '2019-06-16 22:58:23'),
(296, 1, 'users', '2019-06-16 22:58:47'),
(297, 1, 'users', '2019-06-16 22:58:48'),
(298, 1, 'users', '2019-06-16 22:59:16'),
(299, 1, 'users', '2019-06-16 22:59:17'),
(300, 1, 'users', '2019-06-16 23:00:10'),
(301, 1, 'users', '2019-06-16 23:00:10'),
(302, 1, 'users', '2019-06-16 23:00:11'),
(303, 1, 'users', '2019-06-16 23:00:11'),
(304, 1, 'users', '2019-06-16 23:00:11'),
(305, 1, 'users', '2019-06-16 23:00:12'),
(306, 1, 'users', '2019-06-16 23:00:12'),
(307, 1, 'users', '2019-06-16 23:00:12'),
(308, 1, 'users', '2019-06-16 23:00:12'),
(309, 1, 'users', '2019-06-16 23:00:12'),
(310, 1, 'users', '2019-06-16 23:00:13'),
(311, 1, 'users', '2019-06-16 23:00:13'),
(312, 1, 'users', '2019-06-16 23:00:13'),
(313, 1, 'users', '2019-06-16 23:00:13'),
(314, 1, 'users', '2019-06-16 23:00:21'),
(315, 1, 'users', '2019-06-16 23:00:21'),
(316, 1, 'users', '2019-06-16 23:01:18'),
(317, 1, 'users', '2019-06-16 23:02:41'),
(318, 1, 'users', '2019-06-16 23:02:46'),
(319, 1, 'users', '2019-06-16 23:02:47'),
(320, 1, 'users', '2019-06-16 23:05:17'),
(321, 1, 'users', '2019-06-16 23:05:17'),
(322, 1, 'users', '2019-06-16 23:05:18'),
(323, 1, 'users', '2019-06-16 23:05:18'),
(324, 1, 'users', '2019-06-16 23:05:19'),
(325, 1, 'users', '2019-06-16 23:05:19'),
(326, 1, 'users', '2019-06-16 23:05:23'),
(327, 1, 'users', '2019-06-16 23:05:23'),
(328, 1, 'users', '2019-06-16 23:05:33'),
(329, 1, 'users', '2019-06-16 23:05:33'),
(330, 1, 'users', '2019-06-16 23:06:14'),
(331, 1, 'users', '2019-06-16 23:06:14'),
(332, 1, 'users', '2019-06-16 23:06:26'),
(333, 1, 'users', '2019-06-16 23:06:26'),
(334, 1, 'Homepage', '2019-06-16 23:07:00'),
(335, 1, 'AdvancedSearch', '2019-06-16 23:07:01'),
(336, 1, 'AdvancedSearch', '2019-06-16 23:07:08'),
(337, 1, 'dashboard', '2019-06-16 23:07:34'),
(338, 1, 'users', '2019-06-16 23:07:55'),
(339, 1, 'Homepage', '2019-06-16 23:07:56'),
(340, 1, 'dashboard', '2019-06-16 23:07:57'),
(341, 1, 'dashboard', '2019-06-16 23:11:48'),
(342, 1, 'Login', '2019-06-16 23:11:51'),
(350, 1, 'Homepage', '2019-06-16 23:12:57'),
(351, 1, 'users', '2019-06-16 23:13:02'),
(352, 1, 'users', '2019-06-16 23:17:09'),
(353, 1, 'users', '2019-06-16 23:17:32'),
(354, 1, 'users', '2019-06-16 23:17:32'),
(355, 1, 'Homepage', '2019-06-16 23:17:53'),
(356, 1, 'AdvancedSearch', '2019-06-16 23:17:55'),
(357, 1, 'users', '2019-06-16 23:17:56'),
(358, 1, 'AdvancedSearch', '2019-06-16 23:17:57'),
(359, 1, 'Homepage', '2019-06-16 23:17:59'),
(360, 1, 'Homepage', '2019-06-16 23:18:01'),
(361, 1, 'dashboard', '2019-06-16 23:18:02'),
(373, 1, 'Homepage', '2019-06-17 03:11:11'),
(374, 1, 'users', '2019-06-17 03:11:14'),
(375, 1, 'AdvancedSearch', '2019-06-17 03:11:19'),
(376, 1, 'Homepage', '2019-06-17 03:11:24'),
(377, 1, 'AdvancedSearch', '2019-06-17 03:11:25'),
(378, 1, 'Homepage', '2019-06-17 03:11:51'),
(379, 1, 'dashboard', '2019-06-17 03:11:53'),
(380, 1, 'Homepage', '2019-06-17 03:11:55'),
(381, 1, 'AdvancedSearch', '2019-06-17 03:12:36'),
(382, 1, 'Homepage', '2019-06-17 03:12:46'),
(383, 1, 'dashboard', '2019-06-17 03:12:47'),
(384, 1, 'users', '2019-06-17 03:12:49'),
(385, 1, 'Homepage', '2019-06-17 03:12:54'),
(386, 1, 'dashboard', '2019-06-17 03:13:04'),
(387, 1, 'Homepage', '2019-06-17 03:13:21'),
(388, 1, 'dashboard', '2019-06-17 03:13:23'),
(389, 1, 'Homepage', '2019-06-17 03:13:24'),
(390, 1, 'AdvancedSearch', '2019-06-17 03:25:46'),
(391, 1, 'users', '2019-06-17 03:25:47'),
(392, 1, 'Homepage', '2019-06-17 03:25:48'),
(393, 1, 'Homepage', '2019-06-17 03:26:04'),
(394, 1, 'users', '2019-06-17 03:26:08'),
(395, 1, 'AdvancedSearch', '2019-06-17 03:26:12'),
(396, 1, 'Homepage', '2019-06-17 03:26:13'),
(397, 1, 'Homepage', '2019-06-17 03:26:14'),
(398, 1, 'AdvancedSearch', '2019-06-17 03:26:14'),
(399, 1, 'Homepage', '2019-06-17 03:26:15'),
(400, 1, 'AdvancedSearch', '2019-06-17 03:26:16'),
(401, 1, 'users', '2019-06-17 03:26:18'),
(402, 1, 'Homepage', '2019-06-17 03:26:21'),
(403, 1, 'dashboard', '2019-06-17 03:26:22'),
(404, 1, 'Homepage', '2019-06-18 00:52:13'),
(405, 1, 'dashboard', '2019-06-18 00:52:16'),
(406, 1, 'dashboard', '2019-06-18 01:06:59'),
(407, 1, 'dashboard', '2019-06-18 01:07:45'),
(408, 1, 'dashboard', '2019-06-18 01:12:04'),
(409, 1, 'Homepage', '2019-06-18 01:12:26'),
(410, 1, 'dashboard', '2019-06-18 01:12:38'),
(411, 1, 'dashboard', '2019-06-18 01:14:47'),
(412, 1, 'dashboard', '2019-06-18 01:16:22'),
(413, 1, 'Homepage', '2019-06-18 01:17:26'),
(414, 1, 'dashboard', '2019-06-18 01:17:27'),
(415, 1, 'dashboard', '2019-06-18 01:18:16'),
(416, 1, 'dashboard', '2019-06-18 01:20:54'),
(417, 1, 'dashboard', '2019-06-18 01:20:56'),
(418, 1, 'dashboard', '2019-06-18 01:24:30'),
(419, 1, 'dashboard', '2019-06-18 01:36:48'),
(420, 1, 'dashboard', '2019-06-18 01:38:21'),
(421, 1, 'dashboard', '2019-06-18 02:16:35'),
(422, 1, 'dashboard', '2019-06-18 02:40:23'),
(423, 1, 'Homepage', '2019-06-18 02:40:31'),
(424, 1, 'dashboard', '2019-06-18 02:41:14'),
(425, 1, 'dashboard', '2019-06-18 02:41:34'),
(426, 1, 'dashboard', '2019-06-18 02:42:25'),
(427, 1, 'dashboard', '2019-06-18 02:48:14'),
(428, 1, 'dashboard', '2019-06-18 02:48:18'),
(429, 1, 'dashboard', '2019-06-18 02:48:21'),
(430, 1, 'dashboard', '2019-06-18 02:49:36'),
(431, 1, 'dashboard', '2019-06-18 02:49:51'),
(432, 1, 'dashboard', '2019-06-18 02:49:54'),
(433, 1, 'dashboard', '2019-06-18 02:50:24'),
(434, 1, 'dashboard', '2019-06-18 02:50:27'),
(435, 1, 'dashboard', '2019-06-18 02:50:49'),
(436, 1, 'dashboard', '2019-06-18 02:50:51'),
(437, 1, 'dashboard', '2019-06-18 02:50:56'),
(438, 1, 'dashboard', '2019-06-18 02:50:59'),
(439, 1, 'dashboard', '2019-06-18 02:53:16'),
(440, 1, 'dashboard', '2019-06-18 02:54:12'),
(441, 1, 'dashboard', '2019-06-18 02:54:15'),
(442, 1, 'dashboard', '2019-06-18 02:54:17'),
(443, 1, 'dashboard', '2019-06-18 02:54:51'),
(444, 1, 'dashboard', '2019-06-18 02:54:54'),
(445, 1, 'dashboard', '2019-06-18 02:54:58'),
(446, 1, 'dashboard', '2019-06-18 02:55:06'),
(447, 1, 'dashboard', '2019-06-18 02:55:10'),
(448, 1, 'dashboard', '2019-06-18 02:59:20'),
(449, 1, 'dashboard', '2019-06-18 02:59:23'),
(450, 1, 'dashboard', '2019-06-18 02:59:36'),
(451, 1, 'dashboard', '2019-06-18 03:00:11'),
(452, 1, 'dashboard', '2019-06-18 03:00:14'),
(453, 1, 'dashboard', '2019-06-18 03:00:45'),
(454, 1, 'dashboard', '2019-06-18 03:00:49'),
(455, 1, 'dashboard', '2019-06-18 03:02:54'),
(456, 1, 'dashboard', '2019-06-18 03:02:57'),
(457, 1, 'dashboard', '2019-06-18 03:04:28'),
(458, 1, 'dashboard', '2019-06-18 03:15:22'),
(459, 1, 'dashboard', '2019-06-18 03:16:12'),
(460, 1, 'dashboard', '2019-06-18 03:16:43'),
(461, 1, 'dashboard', '2019-06-18 03:16:47'),
(462, 1, 'dashboard', '2019-06-18 03:18:14'),
(463, 1, 'dashboard', '2019-06-18 03:18:31'),
(464, 1, 'dashboard', '2019-06-18 03:18:40'),
(465, 1, 'dashboard', '2019-06-18 03:18:45'),
(466, 1, 'dashboard', '2019-06-18 03:18:47'),
(467, 1, 'dashboard', '2019-06-18 03:22:10'),
(468, 1, 'dashboard', '2019-06-18 03:22:13'),
(469, 1, 'dashboard', '2019-06-18 03:22:33'),
(470, 1, 'dashboard', '2019-06-18 03:23:10'),
(471, 1, 'dashboard', '2019-06-18 03:23:13'),
(472, 1, 'dashboard', '2019-06-18 03:24:23'),
(473, 1, 'dashboard', '2019-06-18 03:24:26'),
(474, 1, 'dashboard', '2019-06-18 03:24:30'),
(475, 1, 'dashboard', '2019-06-18 03:24:31'),
(476, 1, 'dashboard', '2019-06-18 03:24:45'),
(477, 1, 'dashboard', '2019-06-18 03:25:16'),
(478, 1, 'dashboard', '2019-06-18 03:25:20'),
(479, 1, 'dashboard', '2019-06-18 03:31:35'),
(480, 1, 'dashboard', '2019-06-18 03:31:44'),
(487, 1, 'Homepage', '2019-06-18 03:36:22'),
(488, 1, 'dashboard', '2019-06-18 03:36:23'),
(489, 1, 'dashboard', '2019-06-18 03:36:25'),
(490, 1, 'dashboard', '2019-06-18 03:41:20'),
(491, 1, 'dashboard', '2019-06-18 03:41:20'),
(492, 1, 'dashboard', '2019-06-18 03:41:21'),
(493, 1, 'dashboard', '2019-06-18 03:46:24'),
(494, 1, 'dashboard', '2019-06-18 03:46:32'),
(495, 1, 'dashboard', '2019-06-18 03:46:36'),
(496, 1, 'dashboard', '2019-06-18 04:04:41'),
(497, 1, 'Homepage', '2019-06-18 04:04:42'),
(498, 1, 'dashboard', '2019-06-18 04:04:44'),
(499, 1, 'Homepage', '2019-06-18 04:04:48'),
(529, 1, 'dashboard', '2019-06-18 04:20:34'),
(530, 1, 'dashboard', '2019-06-18 04:20:39'),
(531, 1, 'dashboard', '2019-06-18 04:21:29'),
(532, 1, 'dashboard', '2019-06-18 04:21:37'),
(533, 1, 'dashboard', '2019-06-18 04:21:40'),
(534, 1, 'dashboard', '2019-06-18 04:21:44'),
(535, 1, 'dashboard', '2019-06-18 04:28:16'),
(536, 1, 'dashboard', '2019-06-18 04:28:19'),
(537, 1, 'dashboard', '2019-06-18 04:30:02'),
(538, 1, 'dashboard', '2019-06-18 04:30:05'),
(539, 1, 'dashboard', '2019-06-18 04:30:22'),
(540, 1, 'dashboard', '2019-06-18 04:30:26'),
(541, 1, 'dashboard', '2019-06-18 04:31:01'),
(542, 1, 'dashboard', '2019-06-18 04:31:03'),
(543, 1, 'dashboard', '2019-06-18 04:32:50'),
(544, 1, 'dashboard', '2019-06-18 04:33:18'),
(545, 1, 'dashboard', '2019-06-18 04:33:21'),
(546, 1, 'dashboard', '2019-06-18 04:33:22'),
(547, 1, 'dashboard', '2019-06-18 04:34:04'),
(548, 1, 'dashboard', '2019-06-18 04:34:27'),
(549, 1, 'dashboard', '2019-06-18 04:34:30'),
(550, 1, 'dashboard', '2019-06-18 04:36:30'),
(551, 1, 'dashboard', '2019-06-18 04:36:33'),
(552, 1, 'dashboard', '2019-06-18 04:37:25'),
(553, 1, 'dashboard', '2019-06-18 04:37:27'),
(554, 1, 'dashboard', '2019-06-18 04:37:43'),
(555, 1, 'dashboard', '2019-06-18 04:42:51'),
(556, 1, 'dashboard', '2019-06-18 04:43:00'),
(557, 1, 'dashboard', '2019-06-18 04:43:03'),
(558, 1, 'dashboard', '2019-06-18 04:43:28'),
(559, 1, 'dashboard', '2019-06-18 04:43:31'),
(560, 1, 'dashboard', '2019-06-18 04:44:05'),
(561, 1, 'dashboard', '2019-06-18 04:53:00'),
(562, 1, 'dashboard', '2019-06-18 04:53:02'),
(563, 1, 'dashboard', '2019-06-18 05:07:16'),
(564, 1, 'dashboard', '2019-06-18 05:07:18'),
(565, 1, 'dashboard', '2019-06-18 05:07:27'),
(566, 1, 'dashboard', '2019-06-18 05:07:36'),
(567, 1, 'dashboard', '2019-06-18 05:07:37'),
(568, 1, 'dashboard', '2019-06-18 05:13:39'),
(569, 1, 'dashboard', '2019-06-18 05:13:42'),
(570, 1, 'dashboard', '2019-06-18 05:14:11'),
(571, 1, 'dashboard', '2019-06-18 05:14:20'),
(572, 1, 'dashboard', '2019-06-18 05:15:16'),
(573, 1, 'dashboard', '2019-06-18 05:15:20'),
(574, 1, 'dashboard', '2019-06-18 05:15:23'),
(575, 1, 'dashboard', '2019-06-18 05:15:54'),
(576, 1, 'dashboard', '2019-06-18 05:16:28'),
(577, 1, 'dashboard', '2019-06-18 05:16:31'),
(578, 1, 'dashboard', '2019-06-18 05:17:11'),
(579, 1, 'dashboard', '2019-06-18 05:42:15'),
(580, 1, 'dashboard', '2019-06-18 05:42:28'),
(581, 1, 'dashboard', '2019-06-18 05:43:15'),
(582, 1, 'dashboard', '2019-06-18 05:44:48'),
(583, 1, 'dashboard', '2019-06-18 05:47:04'),
(584, 1, 'dashboard', '2019-06-18 05:47:10'),
(585, 1, 'dashboard', '2019-06-18 05:47:35'),
(586, 1, 'dashboard', '2019-06-18 05:48:24'),
(587, 1, 'dashboard', '2019-06-18 05:48:28'),
(588, 1, 'dashboard', '2019-06-18 05:48:29'),
(589, 1, 'dashboard', '2019-06-18 05:48:31'),
(590, 1, 'dashboard', '2019-06-18 05:48:35'),
(591, 1, 'dashboard', '2019-06-18 05:48:49'),
(592, 1, 'dashboard', '2019-06-18 05:49:54'),
(593, 1, 'dashboard', '2019-06-18 05:49:56'),
(594, 1, 'dashboard', '2019-06-18 05:49:57'),
(595, 1, 'dashboard', '2019-06-18 05:49:59'),
(596, 1, 'dashboard', '2019-06-18 05:50:00'),
(597, 1, 'Register', '2019-06-18 05:51:17'),
(598, 1, 'Register', '2019-06-18 05:51:49'),
(601, 5, 'Homepage', '2019-06-18 05:51:57'),
(602, 5, 'dashboard', '2019-06-18 05:51:59'),
(603, 5, 'dashboard', '2019-06-18 05:52:02'),
(604, 5, 'dashboard', '2019-06-18 05:52:04'),
(605, 5, 'dashboard', '2019-06-18 05:53:00'),
(606, 5, 'dashboard', '2019-06-18 05:53:02'),
(607, 5, 'dashboard', '2019-06-18 05:53:22'),
(608, 5, 'dashboard', '2019-06-18 05:53:25'),
(609, 5, 'dashboard', '2019-06-18 05:53:26'),
(610, 5, 'dashboard', '2019-06-18 05:54:43'),
(611, 5, 'dashboard', '2019-06-18 05:54:44'),
(612, 5, 'dashboard', '2019-06-18 05:56:31'),
(613, 5, 'dashboard', '2019-06-18 05:56:40'),
(614, 5, 'dashboard', '2019-06-18 05:56:41'),
(615, 5, 'dashboard', '2019-06-18 05:58:34'),
(616, 5, 'dashboard', '2019-06-18 05:58:53'),
(617, 5, 'dashboard', '2019-06-18 05:59:01'),
(618, 5, 'dashboard', '2019-06-18 06:00:19'),
(619, 5, 'dashboard', '2019-06-18 06:00:35'),
(620, 5, 'dashboard', '2019-06-18 06:00:46'),
(621, 5, 'dashboard', '2019-06-18 06:00:56'),
(622, 5, 'dashboard', '2019-06-18 06:01:15'),
(623, 5, 'dashboard', '2019-06-18 06:01:26'),
(624, 5, 'dashboard', '2019-06-18 06:01:42'),
(625, 5, 'dashboard', '2019-06-18 06:02:12'),
(626, 5, 'dashboard', '2019-06-18 06:02:21'),
(627, 5, 'dashboard', '2019-06-18 06:02:52'),
(628, 5, 'dashboard', '2019-06-18 06:03:25'),
(629, 5, 'dashboard', '2019-06-18 06:04:29'),
(630, 5, 'dashboard', '2019-06-18 06:04:35'),
(631, 5, 'dashboard', '2019-06-18 06:05:21'),
(632, 5, 'dashboard', '2019-06-18 06:05:57'),
(633, 5, 'dashboard', '2019-06-18 06:06:16'),
(634, 5, 'dashboard', '2019-06-18 06:06:24'),
(635, 5, 'Homepage', '2019-06-18 06:09:10'),
(636, 5, 'dashboard', '2019-06-18 06:09:11'),
(637, 5, 'Homepage', '2019-06-18 06:09:24'),
(638, 5, 'Homepage', '2019-06-18 06:11:14'),
(639, 5, 'Homepage', '2019-06-18 06:11:22'),
(640, 5, 'dashboard', '2019-06-18 06:11:40'),
(641, 5, 'Homepage', '2019-06-18 06:12:05'),
(642, 5, 'dashboard', '2019-06-18 06:12:28'),
(643, 5, 'Homepage', '2019-06-18 06:12:40'),
(697, 5, 'Homepage', '2019-06-18 06:21:24'),
(698, 5, 'dashboard', '2019-06-18 06:21:25'),
(717, 5, 'Homepage', '2019-06-18 06:25:40'),
(718, 5, 'dashboard', '2019-06-18 06:25:42'),
(719, 5, 'dashboard', '2019-06-18 06:27:07'),
(720, 5, 'dashboard', '2019-06-18 06:27:19'),
(721, 5, 'dashboard', '2019-06-18 06:27:58'),
(722, 5, 'dashboard', '2019-06-18 06:27:59'),
(723, 5, 'dashboard', '2019-06-18 06:28:02'),
(724, 5, 'dashboard', '2019-06-18 06:28:03'),
(725, 5, 'dashboard', '2019-06-18 06:28:34'),
(726, 5, 'Homepage', '2019-06-18 06:29:17'),
(727, 5, 'dashboard', '2019-06-18 06:29:20'),
(728, 5, 'Homepage', '2019-06-18 06:34:38'),
(729, 5, 'dashboard', '2019-06-18 06:34:39'),
(730, 5, 'dashboard', '2019-06-18 06:35:14'),
(731, 5, 'dashboard', '2019-06-18 06:35:26'),
(732, 5, 'dashboard', '2019-06-18 06:35:27'),
(733, 5, 'dashboard', '2019-06-18 06:35:28'),
(734, 5, 'dashboard', '2019-06-18 06:35:49'),
(735, 5, 'dashboard', '2019-06-18 06:35:51'),
(736, 5, 'dashboard', '2019-06-18 06:37:08'),
(737, 5, 'dashboard', '2019-06-18 06:37:59'),
(738, 5, 'dashboard', '2019-06-18 06:38:23'),
(739, 5, 'dashboard', '2019-06-18 06:38:52'),
(740, 5, 'Homepage', '2019-06-18 06:39:14'),
(741, 5, 'dashboard', '2019-06-18 06:39:15'),
(742, 5, 'dashboard', '2019-06-18 06:39:24'),
(743, 5, 'dashboard', '2019-06-18 06:40:12'),
(744, 5, 'dashboard', '2019-06-18 06:40:13'),
(745, 5, 'dashboard', '2019-06-18 06:40:24'),
(746, 5, 'dashboard', '2019-06-18 06:40:32'),
(747, 5, 'dashboard', '2019-06-18 06:40:51'),
(748, 5, 'dashboard', '2019-06-18 06:41:13'),
(749, 5, 'dashboard', '2019-06-18 06:41:19'),
(750, 5, 'dashboard', '2019-06-18 06:41:21'),
(751, 5, 'dashboard', '2019-06-18 06:41:23'),
(752, 5, 'dashboard', '2019-06-18 06:41:24'),
(753, 5, 'dashboard', '2019-06-18 06:42:05'),
(754, 5, 'dashboard', '2019-06-18 06:42:08'),
(755, 5, 'dashboard', '2019-06-18 06:42:09'),
(756, 5, 'dashboard', '2019-06-18 06:42:28'),
(757, 5, 'dashboard', '2019-06-18 06:42:33'),
(758, 5, 'dashboard', '2019-06-18 06:42:35'),
(759, 5, 'dashboard', '2019-06-18 06:42:36'),
(760, 5, 'dashboard', '2019-06-18 06:42:37'),
(761, 5, 'dashboard', '2019-06-18 06:42:38'),
(762, 5, 'dashboard', '2019-06-18 06:43:06'),
(763, 5, 'dashboard', '2019-06-18 06:43:08'),
(764, 5, 'dashboard', '2019-06-18 06:43:45'),
(765, 5, 'dashboard', '2019-06-18 06:43:47'),
(766, 5, 'dashboard', '2019-06-18 06:43:49'),
(767, 5, 'dashboard', '2019-06-18 06:43:52'),
(768, 5, 'dashboard', '2019-06-18 06:43:53'),
(769, 5, 'dashboard', '2019-06-18 06:43:54'),
(770, 5, 'dashboard', '2019-06-18 06:43:58'),
(771, 5, 'dashboard', '2019-06-18 06:43:59'),
(772, 5, 'dashboard', '2019-06-18 06:44:03'),
(773, 5, 'dashboard', '2019-06-18 06:44:04'),
(774, 5, 'dashboard', '2019-06-18 06:44:38'),
(775, 5, 'dashboard', '2019-06-18 06:44:39'),
(776, 5, 'dashboard', '2019-06-18 06:44:41'),
(777, 5, 'dashboard', '2019-06-18 06:44:42'),
(778, 5, 'dashboard', '2019-06-18 06:44:42'),
(779, 5, 'dashboard', '2019-06-18 06:44:43'),
(780, 5, 'dashboard', '2019-06-18 06:44:44'),
(781, 5, 'dashboard', '2019-06-18 06:44:53'),
(782, 5, 'dashboard', '2019-06-18 06:44:55'),
(783, 5, 'dashboard', '2019-06-18 06:44:57'),
(784, 5, 'dashboard', '2019-06-18 06:45:00'),
(785, 5, 'dashboard', '2019-06-18 06:45:01'),
(786, 5, 'dashboard', '2019-06-18 06:45:03'),
(787, 5, 'dashboard', '2019-06-18 06:45:04'),
(788, 5, 'dashboard', '2019-06-18 06:45:07'),
(789, 5, 'dashboard', '2019-06-18 06:45:08'),
(790, 5, 'dashboard', '2019-06-18 06:45:09'),
(791, 5, 'dashboard', '2019-06-18 06:45:11'),
(792, 5, 'dashboard', '2019-06-18 06:54:13'),
(793, 5, 'dashboard', '2019-06-18 06:55:59'),
(794, 5, 'dashboard', '2019-06-18 06:56:03'),
(795, 5, 'dashboard', '2019-06-18 06:56:32'),
(796, 5, 'dashboard', '2019-06-18 06:57:03'),
(797, 5, 'Homepage', '2019-06-18 06:57:08'),
(798, 5, 'dashboard', '2019-06-18 06:57:10'),
(799, 5, 'dashboard', '2019-06-18 06:57:20'),
(800, 5, 'dashboard', '2019-06-18 06:59:09'),
(801, 5, 'dashboard', '2019-06-18 06:59:15'),
(802, 5, 'dashboard', '2019-06-18 06:59:40'),
(803, 5, 'Homepage', '2019-06-18 06:59:46'),
(804, 5, 'dashboard', '2019-06-18 06:59:47'),
(805, 5, 'Homepage', '2019-06-18 06:59:48'),
(806, 5, 'dashboard', '2019-06-18 06:59:49'),
(807, 5, 'dashboard', '2019-06-18 07:02:29'),
(808, 5, 'dashboard', '2019-06-18 07:02:53'),
(809, 5, 'dashboard', '2019-06-18 07:02:55'),
(810, 5, 'dashboard', '2019-06-18 07:03:35'),
(811, 5, 'dashboard', '2019-06-18 07:04:41'),
(812, 5, 'dashboard', '2019-06-18 07:05:11'),
(813, 5, 'dashboard', '2019-06-18 07:05:19'),
(814, 5, 'dashboard', '2019-06-18 07:05:21'),
(815, 5, 'dashboard', '2019-06-18 07:05:22'),
(816, 5, 'dashboard', '2019-06-18 07:27:00'),
(817, 5, 'dashboard', '2019-06-18 07:27:08'),
(818, 5, 'dashboard', '2019-06-18 07:27:15'),
(819, 5, 'dashboard', '2019-06-18 07:27:16'),
(820, 5, 'dashboard', '2019-06-18 07:27:49'),
(821, 5, 'dashboard', '2019-06-18 07:28:48'),
(822, 5, 'dashboard', '2019-06-18 07:31:17'),
(823, 5, 'dashboard', '2019-06-18 07:32:13'),
(824, 5, 'dashboard', '2019-06-18 07:33:30'),
(825, 5, 'dashboard', '2019-06-18 07:34:07'),
(826, 5, 'dashboard', '2019-06-18 07:36:41'),
(827, 5, 'dashboard', '2019-06-18 07:37:05'),
(828, 5, 'dashboard', '2019-06-18 07:40:25'),
(829, 5, 'dashboard', '2019-06-18 07:41:33'),
(830, 5, 'dashboard', '2019-06-18 07:41:59'),
(831, 5, 'dashboard', '2019-06-18 07:42:31'),
(832, 5, 'dashboard', '2019-06-18 07:43:01'),
(833, 5, 'dashboard', '2019-06-18 07:43:11'),
(834, 5, 'dashboard', '2019-06-18 07:44:06'),
(835, 5, 'dashboard', '2019-06-18 07:44:32'),
(836, 5, 'dashboard', '2019-06-18 07:44:33'),
(837, 5, 'dashboard', '2019-06-18 07:45:04'),
(838, 5, 'dashboard', '2019-06-18 07:45:49'),
(839, 5, 'dashboard', '2019-06-18 07:46:29'),
(840, 5, 'dashboard', '2019-06-18 07:47:03'),
(841, 5, 'dashboard', '2019-06-18 07:47:45'),
(842, 5, 'dashboard', '2019-06-18 07:48:02'),
(843, 5, 'dashboard', '2019-06-18 07:49:57'),
(844, 5, 'dashboard', '2019-06-18 07:50:24'),
(845, 5, 'dashboard', '2019-06-18 07:50:47'),
(846, 5, 'dashboard', '2019-06-18 07:51:09'),
(847, 5, 'dashboard', '2019-06-18 07:51:58'),
(848, 5, 'dashboard', '2019-06-18 07:52:11'),
(849, 5, 'dashboard', '2019-06-18 07:52:36'),
(850, 5, 'dashboard', '2019-06-18 07:52:42'),
(851, 5, 'dashboard', '2019-06-18 07:52:53'),
(852, 5, 'dashboard', '2019-06-18 07:53:32'),
(853, 5, 'dashboard', '2019-06-18 07:53:49'),
(854, 5, 'dashboard', '2019-06-18 07:53:58'),
(855, 5, 'dashboard', '2019-06-18 07:54:11'),
(856, 5, 'dashboard', '2019-06-18 07:54:29'),
(857, 5, 'dashboard', '2019-06-18 07:55:50'),
(858, 5, 'dashboard', '2019-06-18 07:57:18'),
(859, 5, 'dashboard', '2019-06-18 08:00:11'),
(860, 5, 'dashboard', '2019-06-18 08:00:39'),
(861, 5, 'dashboard', '2019-06-18 08:00:55'),
(862, 5, 'dashboard', '2019-06-18 08:01:21'),
(863, 5, 'dashboard', '2019-06-18 08:01:42'),
(864, 5, 'dashboard', '2019-06-18 08:01:59'),
(865, 5, 'dashboard', '2019-06-18 08:02:41'),
(866, 5, 'dashboard', '2019-06-18 08:03:00'),
(867, 5, 'dashboard', '2019-06-18 08:04:43'),
(868, 5, 'dashboard', '2019-06-18 08:05:17'),
(869, 5, 'dashboard', '2019-06-18 08:06:14'),
(870, 5, 'dashboard', '2019-06-18 08:06:25'),
(871, 5, 'dashboard', '2019-06-18 08:28:20'),
(872, 5, 'Homepage', '2019-06-18 08:28:22'),
(873, 5, 'Homepage', '2019-06-18 08:28:47'),
(874, 5, 'Homepage', '2019-06-18 08:29:52'),
(875, 5, 'Homepage', '2019-06-18 08:30:10'),
(876, 5, 'dashboard', '2019-06-18 08:30:52'),
(877, 5, 'dashboard', '2019-06-18 08:30:56'),
(878, 5, 'dashboard', '2019-06-18 08:30:58'),
(879, 5, 'Homepage', '2019-06-18 08:31:00'),
(880, 5, 'dashboard', '2019-06-18 08:31:35'),
(881, 5, 'dashboard', '2019-06-18 08:33:18'),
(882, 5, 'Homepage', '2019-06-18 08:33:45'),
(883, 5, 'Homepage', '2019-06-18 08:33:48'),
(884, 5, 'dashboard', '2019-06-18 08:33:50'),
(885, 5, 'dashboard', '2019-06-18 08:34:04'),
(886, 5, 'dashboard', '2019-06-18 08:34:06'),
(887, 5, 'Homepage', '2019-06-18 08:34:07'),
(888, 5, 'dashboard', '2019-06-18 08:34:43'),
(889, 5, 'Homepage', '2019-06-18 08:34:45'),
(890, 5, 'dashboard', '2019-06-18 08:34:45'),
(891, 5, 'Homepage', '2019-06-18 08:34:47'),
(892, 5, 'dashboard', '2019-06-18 08:34:47'),
(893, 5, 'Homepage', '2019-06-18 08:35:05'),
(894, 5, 'dashboard', '2019-06-18 08:35:30'),
(895, 5, 'dashboard', '2019-06-18 08:35:31'),
(896, 5, 'dashboard', '2019-06-18 08:35:40'),
(897, 5, 'Homepage', '2019-06-18 08:36:07'),
(898, 5, 'AdvancedSearch', '2019-06-18 08:36:14'),
(899, 5, 'Homepage', '2019-06-18 08:36:16'),
(900, 5, 'users', '2019-06-18 08:36:25'),
(901, 5, 'users', '2019-06-18 08:36:47'),
(902, 5, 'users', '2019-06-18 08:36:48'),
(903, 5, 'Homepage', '2019-06-18 08:36:57'),
(904, 5, 'users', '2019-06-18 08:37:09'),
(905, 5, 'Homepage', '2019-06-18 08:37:55'),
(906, 5, 'dashboard', '2019-06-18 08:37:56'),
(907, 5, 'Homepage', '2019-06-18 08:37:59'),
(908, 5, 'Homepage', '2019-06-18 08:38:49'),
(909, 5, 'Homepage', '2019-06-18 08:39:45'),
(910, 5, 'Homepage', '2019-06-18 08:39:46'),
(911, 5, 'Homepage', '2019-06-18 08:39:46'),
(912, 5, 'Homepage', '2019-06-18 08:39:52'),
(913, 5, 'Homepage', '2019-06-18 08:40:34'),
(914, 5, 'Homepage', '2019-06-18 08:40:35'),
(915, 5, 'Homepage', '2019-06-18 08:40:36'),
(916, 5, 'Homepage', '2019-06-18 08:40:48'),
(917, 5, 'Homepage', '2019-06-18 08:40:49'),
(918, 5, 'Homepage', '2019-06-18 08:40:49'),
(919, 5, 'Homepage', '2019-06-18 08:52:24'),
(920, 5, 'Homepage', '2019-06-18 08:52:56'),
(921, 5, 'Homepage', '2019-06-18 08:53:49'),
(922, 5, 'Homepage', '2019-06-18 08:54:59'),
(923, 5, 'Homepage', '2019-06-18 08:55:34'),
(924, 5, 'Homepage', '2019-06-18 08:56:01'),
(925, 5, 'Homepage', '2019-06-18 08:56:14'),
(926, 5, 'Homepage', '2019-06-18 08:56:28'),
(927, 5, 'Homepage', '2019-06-18 08:56:35'),
(928, 5, 'dashboard', '2019-06-18 08:56:37'),
(929, 5, 'Homepage', '2019-06-18 08:56:41'),
(930, 5, 'dashboard', '2019-06-18 08:56:42'),
(931, 5, 'Homepage', '2019-06-18 08:57:03'),
(932, 5, 'dashboard', '2019-06-18 08:57:06'),
(933, 5, 'Homepage', '2019-06-18 08:57:09'),
(934, 5, 'dashboard', '2019-06-18 08:57:10'),
(935, 5, 'Homepage', '2019-06-18 08:57:12'),
(936, 5, 'Homepage', '2019-06-18 08:57:43'),
(937, 5, 'Homepage', '2019-06-18 08:59:06'),
(938, 5, 'Homepage', '2019-06-18 08:59:08'),
(939, 5, 'Homepage', '2019-06-18 08:59:21'),
(940, 5, 'Homepage', '2019-06-18 08:59:22'),
(941, 5, 'Homepage', '2019-06-18 08:59:22'),
(942, 5, 'Homepage', '2019-06-18 08:59:29'),
(943, 5, 'Homepage', '2019-06-18 08:59:35'),
(944, 5, 'Homepage', '2019-06-18 08:59:36'),
(945, 5, 'Homepage', '2019-06-18 09:00:16'),
(946, 5, 'Homepage', '2019-06-18 09:00:34'),
(947, 5, 'Homepage', '2019-06-18 09:00:40'),
(948, 5, 'AdvancedSearch', '2019-06-18 09:00:42'),
(949, 5, 'users', '2019-06-18 09:00:43'),
(950, 5, 'AdvancedSearch', '2019-06-18 09:00:48'),
(951, 5, 'users', '2019-06-18 09:00:52'),
(952, 5, 'Homepage', '2019-06-18 09:00:53'),
(953, 5, 'dashboard', '2019-06-18 09:00:54'),
(954, 5, 'Homepage', '2019-06-18 09:01:02'),
(955, 5, 'Homepage', '2019-06-18 09:03:01'),
(956, 5, 'AdvancedSearch', '2019-06-18 09:03:02'),
(957, 5, 'users', '2019-06-18 09:03:04'),
(958, 5, 'Homepage', '2019-06-18 09:03:05'),
(959, 5, 'AdvancedSearch', '2019-06-18 09:03:06'),
(960, 5, 'users', '2019-06-18 09:03:07'),
(961, 5, 'AdvancedSearch', '2019-06-18 09:09:18'),
(962, 5, 'Homepage', '2019-06-18 12:44:19'),
(963, 5, 'dashboard', '2019-06-18 12:44:22'),
(964, 5, 'Homepage', '2019-06-18 12:44:32'),
(965, 5, 'dashboard', '2019-06-18 12:45:15'),
(966, 5, 'AdvancedSearch', '2019-06-18 12:46:24'),
(967, 5, 'AdvancedSearch', '2019-06-18 12:46:46'),
(968, 5, 'users', '2019-06-18 12:47:18'),
(969, 5, 'Homepage', '2019-06-18 12:48:31'),
(970, 5, 'dashboard', '2019-06-18 12:48:32'),
(971, 5, 'Homepage', '2019-06-18 12:48:38'),
(972, 5, 'admin', '2019-06-18 12:50:46'),
(973, 5, 'Homepage', '2019-06-18 12:50:46'),
(974, 5, 'admin', '2019-06-18 12:50:51'),
(975, 5, 'Homepage', '2019-06-18 12:50:51'),
(981, 6, 'Homepage', '2019-06-18 12:51:34'),
(982, 6, 'admin', '2019-06-18 12:51:36'),
(983, 6, 'admin', '2019-06-18 12:51:40'),
(984, 6, 'admin', '2019-06-18 12:51:44'),
(985, 6, 'admin', '2019-06-18 12:52:21'),
(986, 6, 'Homepage', '2019-06-18 12:54:38'),
(987, 6, 'dashboard', '2019-06-18 12:54:39');

-- --------------------------------------------------------

--
-- Table structure for table `review`
--

CREATE TABLE `review` (
  `id` int(11) NOT NULL,
  `user_id` int(11) NOT NULL,
  `company_id` int(11) NOT NULL,
  `review` varchar(2000) NOT NULL,
  `rating` tinyint(4) NOT NULL,
  `date` timestamp NOT NULL DEFAULT CURRENT_TIMESTAMP ON UPDATE CURRENT_TIMESTAMP
) ENGINE=InnoDB DEFAULT CHARSET=latin1;

--
-- Dumping data for table `review`
--

INSERT INTO `review` (`id`, `user_id`, `company_id`, `review`, `rating`, `date`) VALUES
(14, 1, 35, '', 3, '2019-06-18 05:16:31'),
(21, 5, 35, 'this sucks', 1, '2019-06-18 08:01:59'),
(23, 5, 36, 'not fun', 5, '2019-06-18 08:30:56');

-- --------------------------------------------------------

--
-- Table structure for table `tag`
--

CREATE TABLE `tag` (
  `tag_id` int(11) NOT NULL,
  `description` varchar(20) NOT NULL
) ENGINE=InnoDB DEFAULT CHARSET=latin1;

-- --------------------------------------------------------

--
-- Table structure for table `tag_junc`
--

CREATE TABLE `tag_junc` (
  `junc_id` int(11) NOT NULL,
  `company_id` int(11) NOT NULL,
  `tag_id` int(11) NOT NULL
) ENGINE=InnoDB DEFAULT CHARSET=latin1;

-- --------------------------------------------------------

--
-- Table structure for table `usefulness`
--

CREATE TABLE `usefulness` (
  `useful_id` int(11) NOT NULL,
  `review_id` int(11) NOT NULL,
  `user_id` int(11) NOT NULL,
  `useful` tinyint(1) NOT NULL
) ENGINE=InnoDB DEFAULT CHARSET=latin1;

-- --------------------------------------------------------

--
-- Table structure for table `user`
--

CREATE TABLE `user` (
  `user_id` int(11) NOT NULL,
  `username` varchar(20) NOT NULL,
  `first_name` varchar(20) NOT NULL,
  `last_name` varchar(20) NOT NULL,
  `email` varchar(60) NOT NULL,
  `password` text NOT NULL,
  `role` varchar(15) NOT NULL,
  `about` varchar(20000) NOT NULL,
  `avatar_path` varchar(2000) NOT NULL
) ENGINE=InnoDB DEFAULT CHARSET=latin1;

--
-- Dumping data for table `user`
--

INSERT INTO `user` (`user_id`, `username`, `first_name`, `last_name`, `email`, `password`, `role`, `about`, `avatar_path`) VALUES
(1, 'Itsxok', 'Xavier', 'Cornwell', 'x.cornwell@students.clark.edu', 'ead7ee79ee9c3417dcea87ca511c19a307c274af811429fb7355074e81102ad7b06492974b34efe471b92831c398bc1ce7ab74561dc108c52140f078edbc6b97', 'user', '\"Lorem ipsum dolor sit amet, consectetur adipiscing elit, sed do eiusmod tempor incididunt ut labore et dolore magna aliqua. Ut enim ad minim veniam, quis nostrud exercitation ullamco laboris nisi ut aliquip ex ea commodo consequat. Duis aute irure dolor in reprehenderit in voluptate velit esse cillum dolore eu fugiat nulla pariatur. Excepteur sint occaecat cupidatat non proident, sunt in culpa qui officia deserunt mollit anim id est laborum    ', 'x2.png'),
(4, 'itsxok', 'xavier', 'cornwell', 'x.cornwell@students.clark.edu', 'ee7b7145bb2c9bba1f6388a611201ad2820125b110dd558e0089221841e0c273143e2f49a954c448e904bc526da143d698ec3a3608a82be9d62dddd2da911612', 'user', '', ''),
(5, 'HanoBib', 'Bib', 'Hanno', 'itsxok@gmail.com', 'ead7ee79ee9c3417dcea87ca511c19a307c274af811429fb7355074e81102ad7b06492974b34efe471b92831c398bc1ce7ab74561dc108c52140f078edbc6b97', 'user', '  ', 'kevin.png'),
(6, 'hey', 'fred', 'gooseberry', 'admin@admin.com', 'ead7ee79ee9c3417dcea87ca511c19a307c274af811429fb7355074e81102ad7b06492974b34efe471b92831c398bc1ce7ab74561dc108c52140f078edbc6b97', 'admin', '', 'default-avatar.png');

--
-- Indexes for dumped tables
--

--
-- Indexes for table `company`
--
ALTER TABLE `company`
  ADD PRIMARY KEY (`company_id`);

--
-- Indexes for table `logs`
--
ALTER TABLE `logs`
  ADD PRIMARY KEY (`log_id`),
  ADD KEY `user_id` (`user_id`);

--
-- Indexes for table `review`
--
ALTER TABLE `review`
  ADD PRIMARY KEY (`id`),
  ADD KEY `company_id` (`company_id`),
  ADD KEY `user_id` (`user_id`);

--
-- Indexes for table `tag`
--
ALTER TABLE `tag`
  ADD PRIMARY KEY (`tag_id`);

--
-- Indexes for table `tag_junc`
--
ALTER TABLE `tag_junc`
  ADD PRIMARY KEY (`junc_id`),
  ADD KEY `company_id` (`company_id`),
  ADD KEY `tag_id` (`tag_id`);

--
-- Indexes for table `usefulness`
--
ALTER TABLE `usefulness`
  ADD PRIMARY KEY (`useful_id`),
  ADD KEY `review_id` (`review_id`),
  ADD KEY `user_id` (`user_id`);

--
-- Indexes for table `user`
--
ALTER TABLE `user`
  ADD PRIMARY KEY (`user_id`);

--
-- AUTO_INCREMENT for dumped tables
--

--
-- AUTO_INCREMENT for table `company`
--
ALTER TABLE `company`
  MODIFY `company_id` int(11) NOT NULL AUTO_INCREMENT, AUTO_INCREMENT=38;

--
-- AUTO_INCREMENT for table `logs`
--
ALTER TABLE `logs`
  MODIFY `log_id` int(100) NOT NULL AUTO_INCREMENT, AUTO_INCREMENT=988;

--
-- AUTO_INCREMENT for table `review`
--
ALTER TABLE `review`
  MODIFY `id` int(11) NOT NULL AUTO_INCREMENT, AUTO_INCREMENT=30;

--
-- AUTO_INCREMENT for table `tag`
--
ALTER TABLE `tag`
  MODIFY `tag_id` int(11) NOT NULL AUTO_INCREMENT;

--
-- AUTO_INCREMENT for table `tag_junc`
--
ALTER TABLE `tag_junc`
  MODIFY `junc_id` int(11) NOT NULL AUTO_INCREMENT;

--
-- AUTO_INCREMENT for table `usefulness`
--
ALTER TABLE `usefulness`
  MODIFY `useful_id` int(11) NOT NULL AUTO_INCREMENT;

--
-- AUTO_INCREMENT for table `user`
--
ALTER TABLE `user`
  MODIFY `user_id` int(11) NOT NULL AUTO_INCREMENT, AUTO_INCREMENT=7;

--
-- Constraints for dumped tables
--

--
-- Constraints for table `logs`
--
ALTER TABLE `logs`
  ADD CONSTRAINT `logs_ibfk_1` FOREIGN KEY (`user_id`) REFERENCES `user` (`user_id`);

--
-- Constraints for table `review`
--
ALTER TABLE `review`
  ADD CONSTRAINT `review_ibfk_1` FOREIGN KEY (`company_id`) REFERENCES `company` (`company_id`),
  ADD CONSTRAINT `review_ibfk_3` FOREIGN KEY (`user_id`) REFERENCES `user` (`user_id`);

--
-- Constraints for table `tag_junc`
--
ALTER TABLE `tag_junc`
  ADD CONSTRAINT `tag_junc_ibfk_1` FOREIGN KEY (`company_id`) REFERENCES `company` (`company_id`),
  ADD CONSTRAINT `tag_junc_ibfk_2` FOREIGN KEY (`tag_id`) REFERENCES `tag` (`tag_id`);

--
-- Constraints for table `usefulness`
--
ALTER TABLE `usefulness`
  ADD CONSTRAINT `usefulness_ibfk_1` FOREIGN KEY (`review_id`) REFERENCES `review` (`id`),
  ADD CONSTRAINT `usefulness_ibfk_2` FOREIGN KEY (`user_id`) REFERENCES `user` (`user_id`);
COMMIT;

/*!40101 SET CHARACTER_SET_CLIENT=@OLD_CHARACTER_SET_CLIENT */;
/*!40101 SET CHARACTER_SET_RESULTS=@OLD_CHARACTER_SET_RESULTS */;
/*!40101 SET COLLATION_CONNECTION=@OLD_COLLATION_CONNECTION */;
